<?xml version="1.0" encoding="UTF-8"?>
<checkstyle version="9.3">
<file name="/home/yash/Desktop/Sem8/SE/Imp Classes/Before-Refactoring/../reader-web/src/test/java/com/sismics/reader/rest/TestSearchResource.java">
</file>
<file name="/home/yash/Desktop/Sem8/SE/Imp Classes/Before-Refactoring/../reader-web/src/test/java/com/sismics/reader/rest/TestCategoryResource.java">
</file>
<file name="/home/yash/Desktop/Sem8/SE/Imp Classes/Before-Refactoring/../reader-web/src/test/java/com/sismics/reader/rest/TestJobResource.java">
</file>
<file name="/home/yash/Desktop/Sem8/SE/Imp Classes/Before-Refactoring/../reader-web/src/test/java/com/sismics/reader/rest/TestSubscriptionResource.java">
</file>
<file name="/home/yash/Desktop/Sem8/SE/Imp Classes/Before-Refactoring/../reader-web/src/test/java/com/sismics/reader/rest/TestStarredResource.java">
</file>
<file name="/home/yash/Desktop/Sem8/SE/Imp Classes/Before-Refactoring/../reader-web/src/test/java/com/sismics/reader/rest/TestSecurity.java">
</file>
<file name="/home/yash/Desktop/Sem8/SE/Imp Classes/Before-Refactoring/../reader-web/src/test/java/com/sismics/reader/rest/TestThemeResource.java">
</file>
<file name="/home/yash/Desktop/Sem8/SE/Imp Classes/Before-Refactoring/../reader-web/src/test/java/com/sismics/reader/rest/TestAllResource.java">
</file>
<file name="/home/yash/Desktop/Sem8/SE/Imp Classes/Before-Refactoring/../reader-web/src/test/java/com/sismics/reader/rest/TestLocaleResource.java">
</file>
<file name="/home/yash/Desktop/Sem8/SE/Imp Classes/Before-Refactoring/../reader-web/src/test/java/com/sismics/reader/rest/TestAppResource.java">
</file>
<file name="/home/yash/Desktop/Sem8/SE/Imp Classes/Before-Refactoring/../reader-web/src/test/java/com/sismics/reader/rest/TestUserResource.java">
</file>
<file name="/home/yash/Desktop/Sem8/SE/Imp Classes/Before-Refactoring/../reader-web/src/main/java/com/sismics/reader/rest/constant/BaseFunction.java">
</file>
<file name="/home/yash/Desktop/Sem8/SE/Imp Classes/Before-Refactoring/../reader-web/src/main/java/com/sismics/reader/rest/util/ValidationUtil.java">
</file>
<file name="/home/yash/Desktop/Sem8/SE/Imp Classes/Before-Refactoring/../reader-web/src/main/java/com/sismics/reader/rest/resource/SearchResource.java">
</file>
<file name="/home/yash/Desktop/Sem8/SE/Imp Classes/Before-Refactoring/../reader-web/src/main/java/com/sismics/reader/rest/resource/AppResource.java">
</file>
<file name="/home/yash/Desktop/Sem8/SE/Imp Classes/Before-Refactoring/../reader-web/src/main/java/com/sismics/reader/rest/resource/UserResource.java">
<error line="49" column="1" severity="error" message="Class Data Abstraction Coupling is 22 (max allowed is 7) classes [AuthenticationToken, AuthenticationTokenDao, Category, CategoryDao, ClientException, Date, ForbiddenClientException, JSONArray, JSONObject, JobCriteria, JobDao, JobEventCriteria, JobEventDao, NewCookie, PasswordChangedEvent, RoleBaseFunctionDao, ServerException, SortCriteria, User, UserCreatedEvent, UserCriteria, UserDao]." source="com.puppycrawl.tools.checkstyle.checks.metrics.ClassDataAbstractionCouplingCheck"/>
</file>
<file name="/home/yash/Desktop/Sem8/SE/Imp Classes/Before-Refactoring/../reader-web/src/main/java/com/sismics/reader/rest/resource/ArticleResource.java">
<error line="28" column="1" severity="error" message="Class Data Abstraction Coupling is 9 (max allowed is 7) classes [ArticleCriteria, ArticleDao, ClientException, Date, FeedSubscriptionCriteria, FeedSubscriptionDao, ForbiddenClientException, JSONObject, UserArticleDao]." source="com.puppycrawl.tools.checkstyle.checks.metrics.ClassDataAbstractionCouplingCheck"/>
</file>
<file name="/home/yash/Desktop/Sem8/SE/Imp Classes/Before-Refactoring/../reader-web/src/main/java/com/sismics/reader/rest/resource/TextPlainMessageBodyWriter.java">
</file>
<file name="/home/yash/Desktop/Sem8/SE/Imp Classes/Before-Refactoring/../reader-web/src/main/java/com/sismics/reader/rest/resource/BaseResource.java">
</file>
<file name="/home/yash/Desktop/Sem8/SE/Imp Classes/Before-Refactoring/../reader-web/src/main/java/com/sismics/reader/rest/resource/SubscriptionResource.java">
<error line="61" column="1" severity="error" message="Class Data Abstraction Coupling is 20 (max allowed is 7) classes [CategoryDao, ClientException, DOMSource, Date, FeedSubscription, FeedSubscriptionCriteria, FeedSubscriptionDao, FeedSynchronizationDao, File, FileInputStream, FileOutputStream, ForbiddenClientException, JSONArray, JSONObject, ServerException, SimpleDateFormat, SubscriptionImportedEvent, UserArticleCriteria, UserArticleDao, UserDao]." source="com.puppycrawl.tools.checkstyle.checks.metrics.ClassDataAbstractionCouplingCheck"/>
</file>
<file name="/home/yash/Desktop/Sem8/SE/Imp Classes/Before-Refactoring/../reader-web/src/main/java/com/sismics/reader/rest/resource/CategoryResource.java">
<error line="35" column="1" severity="error" message="Class Data Abstraction Coupling is 10 (max allowed is 7) classes [Category, CategoryDao, ClientException, Date, FeedSubscriptionCriteria, FeedSubscriptionDao, ForbiddenClientException, JSONObject, UserArticleCriteria, UserArticleDao]." source="com.puppycrawl.tools.checkstyle.checks.metrics.ClassDataAbstractionCouplingCheck"/>
</file>
<file name="/home/yash/Desktop/Sem8/SE/Imp Classes/Before-Refactoring/../reader-web/src/main/java/com/sismics/reader/rest/resource/StarredResource.java">
</file>
<file name="/home/yash/Desktop/Sem8/SE/Imp Classes/Before-Refactoring/../reader-web/src/main/java/com/sismics/reader/rest/resource/AllResource.java">
<error line="30" column="1" severity="error" message="Class Data Abstraction Coupling is 8 (max allowed is 7) classes [ClientException, Date, FeedSubscriptionCriteria, FeedSubscriptionDao, ForbiddenClientException, JSONObject, UserArticleCriteria, UserArticleDao]." source="com.puppycrawl.tools.checkstyle.checks.metrics.ClassDataAbstractionCouplingCheck"/>
</file>
<file name="/home/yash/Desktop/Sem8/SE/Imp Classes/Before-Refactoring/../reader-web/src/main/java/com/sismics/reader/rest/resource/JobResource.java">
</file>
<file name="/home/yash/Desktop/Sem8/SE/Imp Classes/Before-Refactoring/../reader-web/src/main/java/com/sismics/reader/rest/resource/ThemeResource.java">
</file>
<file name="/home/yash/Desktop/Sem8/SE/Imp Classes/Before-Refactoring/../reader-web/src/main/java/com/sismics/reader/rest/resource/LocaleResource.java">
</file>
<file name="/home/yash/Desktop/Sem8/SE/Imp Classes/Before-Refactoring/../reader-web/src/main/java/com/sismics/reader/rest/dao/ThemeDao.java">
</file>
<file name="/home/yash/Desktop/Sem8/SE/Imp Classes/Before-Refactoring/../reader-web/src/main/java/com/sismics/reader/rest/assembler/ArticleAssembler.java">
</file>
</checkstyle>
