<?xml version="1.0" encoding="UTF-8"?>
<checkstyle version="9.3">
<file name="/home/yash/Desktop/Sem8/SE/Imp Classes/Before-Refactoring/../reader-web-common/src/test/java/com/sismics/reader/rest/util/TestValidationUtil.java">
</file>
<file name="/home/yash/Desktop/Sem8/SE/Imp Classes/Before-Refactoring/../reader-web-common/src/test/java/com/sismics/reader/rest/descriptor/JerseyTestWebAppDescriptorFactory.java">
</file>
<file name="/home/yash/Desktop/Sem8/SE/Imp Classes/Before-Refactoring/../reader-web-common/src/test/java/com/sismics/reader/rest/BaseJerseyTest.java">
</file>
<file name="/home/yash/Desktop/Sem8/SE/Imp Classes/Before-Refactoring/../reader-web-common/src/test/java/com/sismics/reader/rest/filter/CookieAuthenticationFilter.java">
</file>
<file name="/home/yash/Desktop/Sem8/SE/Imp Classes/Before-Refactoring/../reader-web-common/src/main/java/com/sismics/rest/util/JsonUtil.java">
</file>
<file name="/home/yash/Desktop/Sem8/SE/Imp Classes/Before-Refactoring/../reader-web-common/src/main/java/com/sismics/rest/util/ValidationUtil.java">
</file>
<file name="/home/yash/Desktop/Sem8/SE/Imp Classes/Before-Refactoring/../reader-web-common/src/main/java/com/sismics/rest/resource/GenericExceptionMapper.java">
</file>
<file name="/home/yash/Desktop/Sem8/SE/Imp Classes/Before-Refactoring/../reader-web-common/src/main/java/com/sismics/rest/exception/ClientException.java">
</file>
<file name="/home/yash/Desktop/Sem8/SE/Imp Classes/Before-Refactoring/../reader-web-common/src/main/java/com/sismics/rest/exception/ForbiddenClientException.java">
</file>
<file name="/home/yash/Desktop/Sem8/SE/Imp Classes/Before-Refactoring/../reader-web-common/src/main/java/com/sismics/rest/exception/ServerException.java">
</file>
<file name="/home/yash/Desktop/Sem8/SE/Imp Classes/Before-Refactoring/../reader-web-common/src/main/java/com/sismics/util/filter/RequestContextFilter.java">
</file>
<file name="/home/yash/Desktop/Sem8/SE/Imp Classes/Before-Refactoring/../reader-web-common/src/main/java/com/sismics/util/filter/TokenBasedSecurityFilter.java">
</file>
<file name="/home/yash/Desktop/Sem8/SE/Imp Classes/Before-Refactoring/../reader-web-common/src/main/java/com/sismics/util/filter/SecurityFilter.java">
</file>
<file name="/home/yash/Desktop/Sem8/SE/Imp Classes/Before-Refactoring/../reader-web-common/src/main/java/com/sismics/util/filter/HeaderBasedSecurityFilter.java">
</file>
<file name="/home/yash/Desktop/Sem8/SE/Imp Classes/Before-Refactoring/../reader-web-common/src/main/java/com/sismics/security/IPrincipal.java">
</file>
<file name="/home/yash/Desktop/Sem8/SE/Imp Classes/Before-Refactoring/../reader-web-common/src/main/java/com/sismics/security/UserPrincipal.java">
</file>
<file name="/home/yash/Desktop/Sem8/SE/Imp Classes/Before-Refactoring/../reader-web-common/src/main/java/com/sismics/security/AnonymousPrincipal.java">
</file>
</checkstyle>
