<?xml version="1.0"?>
<!DOCTYPE module PUBLIC
          "-//Checkstyle//DTD Checkstyle Configuration 1.3//EN"
          "https://checkstyle.org/dtds/configuration_1_3.dtd">

<module name="Checker">
  <property name="severity" value="error"/>
  <property name="fileExtensions" value="java"/>

  <module name="TreeWalker">
    <property name="tabWidth" value="4"/>

    <!-- Metrics Checks -->
    <module name="CyclomaticComplexity">
      <property name="switchBlockAsSingleDecisionPoint" value="true"/>
    </module>
  </module>
</module>
