<?xml version="1.0"?>
<!DOCTYPE module PUBLIC
          "-//Checkstyle//DTD Checkstyle Configuration 1.3//EN"
          "https://checkstyle.org/dtds/configuration_1_3.dtd">

<module name="Checker">
  <property name="severity" value="error"/>
  <property name="fileExtensions" value="java"/>

  <module name="TreeWalker">
    <property name="tabWidth" value="4"/>

    <!-- Metrics Checks -->
    <module name="ClassFanOutComplexity">
      <property name="max" value="25"/>
      <!-- Default classes are also listed -->
      <property name="excludedClasses"
                value="boolean, byte, char, double, float, int, long, short,
                       void, Boolean, Byte, Character, Double, Float, Integer,
                       Long, Short, Void, Object, Class, String, StringBuffer,
                       StringBuilder, ArrayIndexOutOfBoundsException, Exception,
                       RuntimeException, IllegalArgumentException, IllegalStateException,
                       IndexOutOfBoundsException, NullPointerException, Throwable,
                       SecurityException, UnsupportedOperationException, List, ArrayList,
                       Deque, Queue, LinkedList, Set, HashSet, SortedSet, TreeSet, Map,
                       HashMap, SortedMap, TreeMap, DetailsAST, CheckstyleException,
                       UnsupportedEncodingException, BuildException, ConversionException,
                       FileNotFoundException, TestException, Log, Sets, Multimap,
                       TokenStreamRecognitionException, RecognitionException,
                       TokenStreamException, IOException, Override, Deprecated, SafeVarargs,
                       SuppressWarnings, FunctionalInterface, NoSuchMethodException,
                       InvocationTargetException, IllegalAccessException"/>
    </module>
  </module>
</module>
