<?xml version="1.0" encoding="UTF-8"?>
<ruleset name="code-metrics"
         xmlns="http://pmd.sourceforge.net/ruleset/2.0.0"
         xmlns:xsi="http://www.w3.org/2001/XMLSchema-instance"
         xsi:schemaLocation="http://pmd.sourceforge.net/ruleset/2.0.0 https://pmd.sourceforge.io/ruleset_2_0_0.xsd">
    <description>Rules for measuring code metrics.</description>

    <!-- Design Rules - Code Complexity -->
    <rule ref="category/java/design.xml/CognitiveComplexity" />
    <rule ref="category/java/design.xml/CyclomaticComplexity">
        <properties>
            <property name="classReportLevel" value="30" />
            <property name="methodReportLevel" value="10" />
        </properties>
    </rule>

     <rule ref="category/java/design.xml/NPathComplexity">
        <properties>
            <property name="reportLevel" value="200" />
        </properties>
    </rule>
    <rule ref="category/java/design.xml/SwitchDensity"/>

     <!-- Design Rules - Size and Structure -->
    <rule ref="category/java/design.xml/ExcessiveImports">
      <properties>
          <property name="minimum" value="30" />
      </properties>
    </rule>
    <rule ref="category/java/design.xml/ExcessiveParameterList">
        <properties>
            <property name="minimum" value="4" />
        </properties>
    </rule>
    <rule ref="category/java/design.xml/TooManyFields">
       <properties>
            <property name="maxfields" value="15" />
        </properties>
    </rule>
    <rule ref="category/java/design.xml/TooManyMethods">
        <properties>
            <property name="maxmethods" value="25" />
        </properties>
    </rule>
    <rule ref="category/java/design.xml/ExcessivePublicCount">
        <properties>
            <property name="minimum" value="20" />
        </properties>
    </rule>
     <rule ref="category/java/design.xml/DataClass">
    </rule>


   <!-- Design Rules - Coupling -->
     <rule ref="category/java/design.xml/CouplingBetweenObjects">
       <properties>
        <property name="threshold" value="20"/>
    </properties>
    </rule>
     <rule ref="category/java/design.xml/LoosePackageCoupling">
        <properties>
        </properties>
    </rule>
     <!-- Design Rules - Class Size -->
    <rule ref="category/java/design.xml/NcssCount">
        <properties>
            <property name="classReportLevel" value="1500" />
            <property name="methodReportLevel" value="150" />
        </properties>
    </rule>
  </ruleset>
