<?xml version="1.0" encoding="UTF-8"?>
<ruleset name="code-metrics"
         xmlns="http://pmd.sourceforge.net/ruleset/2.0.0"
         xmlns:xsi="http://www.w3.org/2001/XMLSchema-instance"
         xsi:schemaLocation="http://pmd.sourceforge.net/ruleset/2.0.0 https://pmd.sourceforge.io/ruleset_2_0_0.xsd">
    <description>Rules for measuring code metrics.</description>

    <!-- Design Rules - Code Complexity -->
    <rule ref="category/java/design.xml/CyclomaticComplexity">
        <properties>
            <property name="classReportLevel" value="30" />
            <property name="methodReportLevel" value="10" />
        </properties>
    </rule>
  </ruleset>
