<?xml version="1.0" encoding="UTF-8"?>
<checkstyle version="9.3">
<file name="/home/yash/Desktop/Sem8/SE/Imp Classes/RefactoredCode/Metric/../reader-web/src/test/java/com/sismics/reader/rest/TestSearchResource.java">
<error line="21" column="5" severity="error" message="NCSS for this method is 60 (max allowed is 50)." source="com.puppycrawl.tools.checkstyle.checks.metrics.JavaNCSSCheck"/>
</file>
<file name="/home/yash/Desktop/Sem8/SE/Imp Classes/RefactoredCode/Metric/../reader-web/src/test/java/com/sismics/reader/rest/TestCategoryResource.java">
<error line="21" column="5" severity="error" message="NCSS for this method is 140 (max allowed is 50)." source="com.puppycrawl.tools.checkstyle.checks.metrics.JavaNCSSCheck"/>
</file>
<file name="/home/yash/Desktop/Sem8/SE/Imp Classes/RefactoredCode/Metric/../reader-web/src/test/java/com/sismics/reader/rest/TestJobResource.java">
</file>
<file name="/home/yash/Desktop/Sem8/SE/Imp Classes/RefactoredCode/Metric/../reader-web/src/test/java/com/sismics/reader/rest/TestSubscriptionResource.java">
<error line="33" column="5" severity="error" message="NCSS for this method is 127 (max allowed is 50)." source="com.puppycrawl.tools.checkstyle.checks.metrics.JavaNCSSCheck"/>
<error line="243" column="5" severity="error" message="NCSS for this method is 77 (max allowed is 50)." source="com.puppycrawl.tools.checkstyle.checks.metrics.JavaNCSSCheck"/>
</file>
<file name="/home/yash/Desktop/Sem8/SE/Imp Classes/RefactoredCode/Metric/../reader-web/src/test/java/com/sismics/reader/rest/TestStarredResource.java">
<error line="23" column="5" severity="error" message="NCSS for this method is 60 (max allowed is 50)." source="com.puppycrawl.tools.checkstyle.checks.metrics.JavaNCSSCheck"/>
</file>
<file name="/home/yash/Desktop/Sem8/SE/Imp Classes/RefactoredCode/Metric/../reader-web/src/test/java/com/sismics/reader/rest/TestSecurity.java">
</file>
<file name="/home/yash/Desktop/Sem8/SE/Imp Classes/RefactoredCode/Metric/../reader-web/src/test/java/com/sismics/reader/rest/TestThemeResource.java">
</file>
<file name="/home/yash/Desktop/Sem8/SE/Imp Classes/RefactoredCode/Metric/../reader-web/src/test/java/com/sismics/reader/rest/TestAllResource.java">
<error line="22" column="5" severity="error" message="NCSS for this method is 76 (max allowed is 50)." source="com.puppycrawl.tools.checkstyle.checks.metrics.JavaNCSSCheck"/>
</file>
<file name="/home/yash/Desktop/Sem8/SE/Imp Classes/RefactoredCode/Metric/../reader-web/src/test/java/com/sismics/reader/rest/TestLocaleResource.java">
</file>
<file name="/home/yash/Desktop/Sem8/SE/Imp Classes/RefactoredCode/Metric/../reader-web/src/test/java/com/sismics/reader/rest/TestAppResource.java">
</file>
<file name="/home/yash/Desktop/Sem8/SE/Imp Classes/RefactoredCode/Metric/../reader-web/src/test/java/com/sismics/reader/rest/TestUserResource.java">
<error line="34" column="5" severity="error" message="NCSS for this method is 81 (max allowed is 50)." source="com.puppycrawl.tools.checkstyle.checks.metrics.JavaNCSSCheck"/>
</file>
<file name="/home/yash/Desktop/Sem8/SE/Imp Classes/RefactoredCode/Metric/../reader-web/src/main/java/com/sismics/reader/rest/constant/BaseFunction.java">
</file>
<file name="/home/yash/Desktop/Sem8/SE/Imp Classes/RefactoredCode/Metric/../reader-web/src/main/java/com/sismics/reader/rest/util/ValidationUtil.java">
</file>
<file name="/home/yash/Desktop/Sem8/SE/Imp Classes/RefactoredCode/Metric/../reader-web/src/main/java/com/sismics/reader/rest/resource/SearchResource.java">
</file>
<file name="/home/yash/Desktop/Sem8/SE/Imp Classes/RefactoredCode/Metric/../reader-web/src/main/java/com/sismics/reader/rest/resource/AppResource.java">
</file>
<file name="/home/yash/Desktop/Sem8/SE/Imp Classes/RefactoredCode/Metric/../reader-web/src/main/java/com/sismics/reader/rest/resource/UserResource.java">
<error line="567" column="5" severity="error" message="NCSS for this method is 70 (max allowed is 50)." source="com.puppycrawl.tools.checkstyle.checks.metrics.JavaNCSSCheck"/>
</file>
<file name="/home/yash/Desktop/Sem8/SE/Imp Classes/RefactoredCode/Metric/../reader-web/src/main/java/com/sismics/reader/rest/resource/ArticleResource.java">
</file>
<file name="/home/yash/Desktop/Sem8/SE/Imp Classes/RefactoredCode/Metric/../reader-web/src/main/java/com/sismics/reader/rest/resource/TextPlainMessageBodyWriter.java">
</file>
<file name="/home/yash/Desktop/Sem8/SE/Imp Classes/RefactoredCode/Metric/../reader-web/src/main/java/com/sismics/reader/rest/resource/BaseResource.java">
</file>
<file name="/home/yash/Desktop/Sem8/SE/Imp Classes/RefactoredCode/Metric/../reader-web/src/main/java/com/sismics/reader/rest/resource/SubscriptionResource.java">
<error line="122" column="5" severity="error" message="NCSS for this method is 63 (max allowed is 50)." source="com.puppycrawl.tools.checkstyle.checks.metrics.JavaNCSSCheck"/>
</file>
<file name="/home/yash/Desktop/Sem8/SE/Imp Classes/RefactoredCode/Metric/../reader-web/src/main/java/com/sismics/reader/rest/resource/CategoryResource.java">
</file>
<file name="/home/yash/Desktop/Sem8/SE/Imp Classes/RefactoredCode/Metric/../reader-web/src/main/java/com/sismics/reader/rest/resource/StarredResource.java">
</file>
<file name="/home/yash/Desktop/Sem8/SE/Imp Classes/RefactoredCode/Metric/../reader-web/src/main/java/com/sismics/reader/rest/resource/AllResource.java">
</file>
<file name="/home/yash/Desktop/Sem8/SE/Imp Classes/RefactoredCode/Metric/../reader-web/src/main/java/com/sismics/reader/rest/resource/JobResource.java">
</file>
<file name="/home/yash/Desktop/Sem8/SE/Imp Classes/RefactoredCode/Metric/../reader-web/src/main/java/com/sismics/reader/rest/resource/ThemeResource.java">
</file>
<file name="/home/yash/Desktop/Sem8/SE/Imp Classes/RefactoredCode/Metric/../reader-web/src/main/java/com/sismics/reader/rest/resource/LocaleResource.java">
</file>
<file name="/home/yash/Desktop/Sem8/SE/Imp Classes/RefactoredCode/Metric/../reader-web/src/main/java/com/sismics/reader/rest/dao/ThemeDao.java">
</file>
<file name="/home/yash/Desktop/Sem8/SE/Imp Classes/RefactoredCode/Metric/../reader-web/src/main/java/com/sismics/reader/rest/assembler/ArticleAssembler.java">
</file>
</checkstyle>
