<?xml version="1.0" encoding="UTF-8"?>
<checkstyle version="9.3">
<file name="/home/yash/Desktop/Sem8/SE/Imp Classes/RefactoredCode/Metric/../reader-web/src/test/java/com/sismics/reader/rest/TestSearchResource.java">
</file>
<file name="/home/yash/Desktop/Sem8/SE/Imp Classes/RefactoredCode/Metric/../reader-web/src/test/java/com/sismics/reader/rest/TestCategoryResource.java">
</file>
<file name="/home/yash/Desktop/Sem8/SE/Imp Classes/RefactoredCode/Metric/../reader-web/src/test/java/com/sismics/reader/rest/TestJobResource.java">
</file>
<file name="/home/yash/Desktop/Sem8/SE/Imp Classes/RefactoredCode/Metric/../reader-web/src/test/java/com/sismics/reader/rest/TestSubscriptionResource.java">
</file>
<file name="/home/yash/Desktop/Sem8/SE/Imp Classes/RefactoredCode/Metric/../reader-web/src/test/java/com/sismics/reader/rest/TestStarredResource.java">
</file>
<file name="/home/yash/Desktop/Sem8/SE/Imp Classes/RefactoredCode/Metric/../reader-web/src/test/java/com/sismics/reader/rest/TestSecurity.java">
</file>
<file name="/home/yash/Desktop/Sem8/SE/Imp Classes/RefactoredCode/Metric/../reader-web/src/test/java/com/sismics/reader/rest/TestThemeResource.java">
</file>
<file name="/home/yash/Desktop/Sem8/SE/Imp Classes/RefactoredCode/Metric/../reader-web/src/test/java/com/sismics/reader/rest/TestAllResource.java">
</file>
<file name="/home/yash/Desktop/Sem8/SE/Imp Classes/RefactoredCode/Metric/../reader-web/src/test/java/com/sismics/reader/rest/TestLocaleResource.java">
</file>
<file name="/home/yash/Desktop/Sem8/SE/Imp Classes/RefactoredCode/Metric/../reader-web/src/test/java/com/sismics/reader/rest/TestAppResource.java">
</file>
<file name="/home/yash/Desktop/Sem8/SE/Imp Classes/RefactoredCode/Metric/../reader-web/src/test/java/com/sismics/reader/rest/TestUserResource.java">
</file>
<file name="/home/yash/Desktop/Sem8/SE/Imp Classes/RefactoredCode/Metric/../reader-web/src/main/java/com/sismics/reader/rest/constant/BaseFunction.java">
</file>
<file name="/home/yash/Desktop/Sem8/SE/Imp Classes/RefactoredCode/Metric/../reader-web/src/main/java/com/sismics/reader/rest/util/ValidationUtil.java">
</file>
<file name="/home/yash/Desktop/Sem8/SE/Imp Classes/RefactoredCode/Metric/../reader-web/src/main/java/com/sismics/reader/rest/resource/SearchResource.java">
</file>
<file name="/home/yash/Desktop/Sem8/SE/Imp Classes/RefactoredCode/Metric/../reader-web/src/main/java/com/sismics/reader/rest/resource/AppResource.java">
</file>
<file name="/home/yash/Desktop/Sem8/SE/Imp Classes/RefactoredCode/Metric/../reader-web/src/main/java/com/sismics/reader/rest/resource/UserResource.java">
<error line="200" column="5" severity="error" message="Cyclomatic Complexity is 15 (max allowed is 10)." source="com.puppycrawl.tools.checkstyle.checks.metrics.CyclomaticComplexityCheck"/>
<error line="289" column="5" severity="error" message="Cyclomatic Complexity is 14 (max allowed is 10)." source="com.puppycrawl.tools.checkstyle.checks.metrics.CyclomaticComplexityCheck"/>
<error line="567" column="5" severity="error" message="Cyclomatic Complexity is 13 (max allowed is 10)." source="com.puppycrawl.tools.checkstyle.checks.metrics.CyclomaticComplexityCheck"/>
</file>
<file name="/home/yash/Desktop/Sem8/SE/Imp Classes/RefactoredCode/Metric/../reader-web/src/main/java/com/sismics/reader/rest/resource/ArticleResource.java">
</file>
<file name="/home/yash/Desktop/Sem8/SE/Imp Classes/RefactoredCode/Metric/../reader-web/src/main/java/com/sismics/reader/rest/resource/TextPlainMessageBodyWriter.java">
</file>
<file name="/home/yash/Desktop/Sem8/SE/Imp Classes/RefactoredCode/Metric/../reader-web/src/main/java/com/sismics/reader/rest/resource/BaseResource.java">
</file>
<file name="/home/yash/Desktop/Sem8/SE/Imp Classes/RefactoredCode/Metric/../reader-web/src/main/java/com/sismics/reader/rest/resource/SubscriptionResource.java">
<error line="122" column="5" severity="error" message="Cyclomatic Complexity is 12 (max allowed is 10)." source="com.puppycrawl.tools.checkstyle.checks.metrics.CyclomaticComplexityCheck"/>
</file>
<file name="/home/yash/Desktop/Sem8/SE/Imp Classes/RefactoredCode/Metric/../reader-web/src/main/java/com/sismics/reader/rest/resource/CategoryResource.java">
</file>
<file name="/home/yash/Desktop/Sem8/SE/Imp Classes/RefactoredCode/Metric/../reader-web/src/main/java/com/sismics/reader/rest/resource/StarredResource.java">
</file>
<file name="/home/yash/Desktop/Sem8/SE/Imp Classes/RefactoredCode/Metric/../reader-web/src/main/java/com/sismics/reader/rest/resource/AllResource.java">
</file>
<file name="/home/yash/Desktop/Sem8/SE/Imp Classes/RefactoredCode/Metric/../reader-web/src/main/java/com/sismics/reader/rest/resource/JobResource.java">
</file>
<file name="/home/yash/Desktop/Sem8/SE/Imp Classes/RefactoredCode/Metric/../reader-web/src/main/java/com/sismics/reader/rest/resource/ThemeResource.java">
</file>
<file name="/home/yash/Desktop/Sem8/SE/Imp Classes/RefactoredCode/Metric/../reader-web/src/main/java/com/sismics/reader/rest/resource/LocaleResource.java">
</file>
<file name="/home/yash/Desktop/Sem8/SE/Imp Classes/RefactoredCode/Metric/../reader-web/src/main/java/com/sismics/reader/rest/dao/ThemeDao.java">
</file>
<file name="/home/yash/Desktop/Sem8/SE/Imp Classes/RefactoredCode/Metric/../reader-web/src/main/java/com/sismics/reader/rest/assembler/ArticleAssembler.java">
</file>
</checkstyle>
