<?xml version="1.0" encoding="UTF-8"?>
<checkstyle version="9.3">
<file name="/home/yash/Desktop/Sem8/SE/Imp Classes/RefactoredCode/Metric/../reader-core/src/test/java/com/sismics/util/TestDateUtil.java">
</file>
<file name="/home/yash/Desktop/Sem8/SE/Imp Classes/RefactoredCode/Metric/../reader-core/src/test/java/com/sismics/util/TestArticleSanitizer.java">
</file>
<file name="/home/yash/Desktop/Sem8/SE/Imp Classes/RefactoredCode/Metric/../reader-core/src/test/java/com/sismics/util/TestResourceUtil.java">
</file>
<file name="/home/yash/Desktop/Sem8/SE/Imp Classes/RefactoredCode/Metric/../reader-core/src/test/java/com/sismics/util/TestUrlUtil.java">
</file>
<file name="/home/yash/Desktop/Sem8/SE/Imp Classes/RefactoredCode/Metric/../reader-core/src/test/java/com/sismics/util/TestAdblockUtil.java">
</file>
<file name="/home/yash/Desktop/Sem8/SE/Imp Classes/RefactoredCode/Metric/../reader-core/src/test/java/com/sismics/util/TestNetworkUtil.java">
</file>
<file name="/home/yash/Desktop/Sem8/SE/Imp Classes/RefactoredCode/Metric/../reader-core/src/test/java/com/sismics/util/TestCertUtil.java">
</file>
<file name="/home/yash/Desktop/Sem8/SE/Imp Classes/RefactoredCode/Metric/../reader-core/src/test/java/com/sismics/util/TestTextSanitizer.java">
</file>
<file name="/home/yash/Desktop/Sem8/SE/Imp Classes/RefactoredCode/Metric/../reader-core/src/test/java/com/sismics/reader/BaseTransactionalTest.java">
</file>
<file name="/home/yash/Desktop/Sem8/SE/Imp Classes/RefactoredCode/Metric/../reader-core/src/test/java/com/sismics/reader/core/dao/file/html/TestFaviconDownloader.java">
</file>
<file name="/home/yash/Desktop/Sem8/SE/Imp Classes/RefactoredCode/Metric/../reader-core/src/test/java/com/sismics/reader/core/dao/file/html/TestFaviconExtractor.java">
</file>
<file name="/home/yash/Desktop/Sem8/SE/Imp Classes/RefactoredCode/Metric/../reader-core/src/test/java/com/sismics/reader/core/dao/file/html/TestRssExtractor.java">
</file>
<file name="/home/yash/Desktop/Sem8/SE/Imp Classes/RefactoredCode/Metric/../reader-core/src/test/java/com/sismics/reader/core/dao/file/json/TestStarredReader.java">
</file>
<file name="/home/yash/Desktop/Sem8/SE/Imp Classes/RefactoredCode/Metric/../reader-core/src/test/java/com/sismics/reader/core/dao/file/rss/TestRssReader.java">
</file>
<file name="/home/yash/Desktop/Sem8/SE/Imp Classes/RefactoredCode/Metric/../reader-core/src/test/java/com/sismics/reader/core/dao/file/opml/TestOpmlReader.java">
</file>
<file name="/home/yash/Desktop/Sem8/SE/Imp Classes/RefactoredCode/Metric/../reader-core/src/test/java/com/sismics/reader/core/dao/jpa/TestJpa.java">
</file>
<file name="/home/yash/Desktop/Sem8/SE/Imp Classes/RefactoredCode/Metric/../reader-core/src/main/java/com/sismics/util/JsonValidationUtil.java">
</file>
<file name="/home/yash/Desktop/Sem8/SE/Imp Classes/RefactoredCode/Metric/../reader-core/src/main/java/com/sismics/util/MessageUtil.java">
</file>
<file name="/home/yash/Desktop/Sem8/SE/Imp Classes/RefactoredCode/Metric/../reader-core/src/main/java/com/sismics/util/EnvironmentUtil.java">
</file>
<file name="/home/yash/Desktop/Sem8/SE/Imp Classes/RefactoredCode/Metric/../reader-core/src/main/java/com/sismics/util/log4j/LogCriteria.java">
</file>
<file name="/home/yash/Desktop/Sem8/SE/Imp Classes/RefactoredCode/Metric/../reader-core/src/main/java/com/sismics/util/log4j/MemoryAppender.java">
</file>
<file name="/home/yash/Desktop/Sem8/SE/Imp Classes/RefactoredCode/Metric/../reader-core/src/main/java/com/sismics/util/log4j/LogEntry.java">
</file>
<file name="/home/yash/Desktop/Sem8/SE/Imp Classes/RefactoredCode/Metric/../reader-core/src/main/java/com/sismics/util/adblock/Helper.java">
</file>
<file name="/home/yash/Desktop/Sem8/SE/Imp Classes/RefactoredCode/Metric/../reader-core/src/main/java/com/sismics/util/adblock/SubscriptionParser.java">
</file>
<file name="/home/yash/Desktop/Sem8/SE/Imp Classes/RefactoredCode/Metric/../reader-core/src/main/java/com/sismics/util/adblock/Subscription.java">
</file>
<file name="/home/yash/Desktop/Sem8/SE/Imp Classes/RefactoredCode/Metric/../reader-core/src/main/java/com/sismics/util/adblock/JSEngine.java">
</file>
<file name="/home/yash/Desktop/Sem8/SE/Imp Classes/RefactoredCode/Metric/../reader-core/src/main/java/com/sismics/util/HttpUtil.java">
</file>
<file name="/home/yash/Desktop/Sem8/SE/Imp Classes/RefactoredCode/Metric/../reader-core/src/main/java/com/sismics/util/DateUtil.java">
</file>
<file name="/home/yash/Desktop/Sem8/SE/Imp Classes/RefactoredCode/Metric/../reader-core/src/main/java/com/sismics/util/UrlUtil.java">
</file>
<file name="/home/yash/Desktop/Sem8/SE/Imp Classes/RefactoredCode/Metric/../reader-core/src/main/java/com/sismics/util/cert/CertUtil.java">
</file>
<file name="/home/yash/Desktop/Sem8/SE/Imp Classes/RefactoredCode/Metric/../reader-core/src/main/java/com/sismics/util/cert/TrustAllManager.java">
</file>
<file name="/home/yash/Desktop/Sem8/SE/Imp Classes/RefactoredCode/Metric/../reader-core/src/main/java/com/sismics/util/context/ThreadLocalContext.java">
</file>
<file name="/home/yash/Desktop/Sem8/SE/Imp Classes/RefactoredCode/Metric/../reader-core/src/main/java/com/sismics/util/LocaleUtil.java">
</file>
<file name="/home/yash/Desktop/Sem8/SE/Imp Classes/RefactoredCode/Metric/../reader-core/src/main/java/com/sismics/util/ResourceUtil.java">
<error line="32" column="5" severity="error" message="NPath Complexity is 486 (max allowed is 200)." source="com.puppycrawl.tools.checkstyle.checks.metrics.NPathComplexityCheck"/>
</file>
<file name="/home/yash/Desktop/Sem8/SE/Imp Classes/RefactoredCode/Metric/../reader-core/src/main/java/com/sismics/util/NetworkUtil.java">
</file>
<file name="/home/yash/Desktop/Sem8/SE/Imp Classes/RefactoredCode/Metric/../reader-core/src/main/java/com/sismics/util/AdblockUtil.java">
</file>
<file name="/home/yash/Desktop/Sem8/SE/Imp Classes/RefactoredCode/Metric/../reader-core/src/main/java/com/sismics/util/jpa/DialectUtil.java">
</file>
<file name="/home/yash/Desktop/Sem8/SE/Imp Classes/RefactoredCode/Metric/../reader-core/src/main/java/com/sismics/util/jpa/BaseDao.java">
</file>
<file name="/home/yash/Desktop/Sem8/SE/Imp Classes/RefactoredCode/Metric/../reader-core/src/main/java/com/sismics/util/jpa/SessionUtil.java">
</file>
<file name="/home/yash/Desktop/Sem8/SE/Imp Classes/RefactoredCode/Metric/../reader-core/src/main/java/com/sismics/util/jpa/ManagedProvidedConnectionHelper.java">
</file>
<file name="/home/yash/Desktop/Sem8/SE/Imp Classes/RefactoredCode/Metric/../reader-core/src/main/java/com/sismics/util/jpa/SuppliedConnectionProviderConnectionHelper.java">
</file>
<file name="/home/yash/Desktop/Sem8/SE/Imp Classes/RefactoredCode/Metric/../reader-core/src/main/java/com/sismics/util/jpa/ResultMapper.java">
</file>
<file name="/home/yash/Desktop/Sem8/SE/Imp Classes/RefactoredCode/Metric/../reader-core/src/main/java/com/sismics/util/jpa/QueryParam.java">
</file>
<file name="/home/yash/Desktop/Sem8/SE/Imp Classes/RefactoredCode/Metric/../reader-core/src/main/java/com/sismics/util/jpa/filter/FilterCriteria.java">
</file>
<file name="/home/yash/Desktop/Sem8/SE/Imp Classes/RefactoredCode/Metric/../reader-core/src/main/java/com/sismics/util/jpa/filter/FilterColumn.java">
</file>
<file name="/home/yash/Desktop/Sem8/SE/Imp Classes/RefactoredCode/Metric/../reader-core/src/main/java/com/sismics/util/jpa/EMF.java">
</file>
<file name="/home/yash/Desktop/Sem8/SE/Imp Classes/RefactoredCode/Metric/../reader-core/src/main/java/com/sismics/util/jpa/DbOpenHelper.java">
<error line="63" column="5" severity="error" message="NPath Complexity is 273 (max allowed is 200)." source="com.puppycrawl.tools.checkstyle.checks.metrics.NPathComplexityCheck"/>
</file>
<file name="/home/yash/Desktop/Sem8/SE/Imp Classes/RefactoredCode/Metric/../reader-core/src/main/java/com/sismics/util/mime/MimeType.java">
</file>
<file name="/home/yash/Desktop/Sem8/SE/Imp Classes/RefactoredCode/Metric/../reader-core/src/main/java/com/sismics/reader/core/constant/Constants.java">
</file>
<file name="/home/yash/Desktop/Sem8/SE/Imp Classes/RefactoredCode/Metric/../reader-core/src/main/java/com/sismics/reader/core/constant/ConfigType.java">
</file>
<file name="/home/yash/Desktop/Sem8/SE/Imp Classes/RefactoredCode/Metric/../reader-core/src/main/java/com/sismics/reader/core/model/context/AppContext.java">
</file>
<file name="/home/yash/Desktop/Sem8/SE/Imp Classes/RefactoredCode/Metric/../reader-core/src/main/java/com/sismics/reader/core/model/jpa/Article.java">
</file>
<file name="/home/yash/Desktop/Sem8/SE/Imp Classes/RefactoredCode/Metric/../reader-core/src/main/java/com/sismics/reader/core/model/jpa/Locale.java">
</file>
<file name="/home/yash/Desktop/Sem8/SE/Imp Classes/RefactoredCode/Metric/../reader-core/src/main/java/com/sismics/reader/core/model/jpa/AuthenticationToken.java">
</file>
<file name="/home/yash/Desktop/Sem8/SE/Imp Classes/RefactoredCode/Metric/../reader-core/src/main/java/com/sismics/reader/core/model/jpa/UserArticle.java">
</file>
<file name="/home/yash/Desktop/Sem8/SE/Imp Classes/RefactoredCode/Metric/../reader-core/src/main/java/com/sismics/reader/core/model/jpa/JobEvent.java">
</file>
<file name="/home/yash/Desktop/Sem8/SE/Imp Classes/RefactoredCode/Metric/../reader-core/src/main/java/com/sismics/reader/core/model/jpa/FeedSynchronization.java">
</file>
<file name="/home/yash/Desktop/Sem8/SE/Imp Classes/RefactoredCode/Metric/../reader-core/src/main/java/com/sismics/reader/core/model/jpa/RoleBaseFunction.java">
</file>
<file name="/home/yash/Desktop/Sem8/SE/Imp Classes/RefactoredCode/Metric/../reader-core/src/main/java/com/sismics/reader/core/model/jpa/Role.java">
</file>
<file name="/home/yash/Desktop/Sem8/SE/Imp Classes/RefactoredCode/Metric/../reader-core/src/main/java/com/sismics/reader/core/model/jpa/Category.java">
</file>
<file name="/home/yash/Desktop/Sem8/SE/Imp Classes/RefactoredCode/Metric/../reader-core/src/main/java/com/sismics/reader/core/model/jpa/User.java">
</file>
<file name="/home/yash/Desktop/Sem8/SE/Imp Classes/RefactoredCode/Metric/../reader-core/src/main/java/com/sismics/reader/core/model/jpa/Config.java">
</file>
<file name="/home/yash/Desktop/Sem8/SE/Imp Classes/RefactoredCode/Metric/../reader-core/src/main/java/com/sismics/reader/core/model/jpa/BaseFunction.java">
</file>
<file name="/home/yash/Desktop/Sem8/SE/Imp Classes/RefactoredCode/Metric/../reader-core/src/main/java/com/sismics/reader/core/model/jpa/FeedSubscription.java">
</file>
<file name="/home/yash/Desktop/Sem8/SE/Imp Classes/RefactoredCode/Metric/../reader-core/src/main/java/com/sismics/reader/core/model/jpa/Job.java">
</file>
<file name="/home/yash/Desktop/Sem8/SE/Imp Classes/RefactoredCode/Metric/../reader-core/src/main/java/com/sismics/reader/core/model/jpa/Feed.java">
</file>
<file name="/home/yash/Desktop/Sem8/SE/Imp Classes/RefactoredCode/Metric/../reader-core/src/main/java/com/sismics/reader/core/util/DirectoryUtil.java">
</file>
<file name="/home/yash/Desktop/Sem8/SE/Imp Classes/RefactoredCode/Metric/../reader-core/src/main/java/com/sismics/reader/core/util/sanitizer/ArticleSanitizer.java">
</file>
<file name="/home/yash/Desktop/Sem8/SE/Imp Classes/RefactoredCode/Metric/../reader-core/src/main/java/com/sismics/reader/core/util/sanitizer/TextSanitizer.java">
</file>
<file name="/home/yash/Desktop/Sem8/SE/Imp Classes/RefactoredCode/Metric/../reader-core/src/main/java/com/sismics/reader/core/util/LuceneUtil.java">
</file>
<file name="/home/yash/Desktop/Sem8/SE/Imp Classes/RefactoredCode/Metric/../reader-core/src/main/java/com/sismics/reader/core/util/StreamUtil.java">
</file>
<file name="/home/yash/Desktop/Sem8/SE/Imp Classes/RefactoredCode/Metric/../reader-core/src/main/java/com/sismics/reader/core/util/http/ReaderHttpClient.java">
</file>
<file name="/home/yash/Desktop/Sem8/SE/Imp Classes/RefactoredCode/Metric/../reader-core/src/main/java/com/sismics/reader/core/util/EntityManagerUtil.java">
</file>
<file name="/home/yash/Desktop/Sem8/SE/Imp Classes/RefactoredCode/Metric/../reader-core/src/main/java/com/sismics/reader/core/util/TransactionUtil.java">
<error line="28" column="5" severity="error" message="NPath Complexity is 385 (max allowed is 200)." source="com.puppycrawl.tools.checkstyle.checks.metrics.NPathComplexityCheck"/>
</file>
<file name="/home/yash/Desktop/Sem8/SE/Imp Classes/RefactoredCode/Metric/../reader-core/src/main/java/com/sismics/reader/core/util/UserUtil.java">
</file>
<file name="/home/yash/Desktop/Sem8/SE/Imp Classes/RefactoredCode/Metric/../reader-core/src/main/java/com/sismics/reader/core/util/jpa/PaginatedLists.java">
</file>
<file name="/home/yash/Desktop/Sem8/SE/Imp Classes/RefactoredCode/Metric/../reader-core/src/main/java/com/sismics/reader/core/util/jpa/PaginatedList.java">
</file>
<file name="/home/yash/Desktop/Sem8/SE/Imp Classes/RefactoredCode/Metric/../reader-core/src/main/java/com/sismics/reader/core/util/jpa/SortCriteria.java">
</file>
<file name="/home/yash/Desktop/Sem8/SE/Imp Classes/RefactoredCode/Metric/../reader-core/src/main/java/com/sismics/reader/core/util/ConfigUtil.java">
</file>
<file name="/home/yash/Desktop/Sem8/SE/Imp Classes/RefactoredCode/Metric/../reader-core/src/main/java/com/sismics/reader/core/dao/file/html/RssExtractor.java">
</file>
<file name="/home/yash/Desktop/Sem8/SE/Imp Classes/RefactoredCode/Metric/../reader-core/src/main/java/com/sismics/reader/core/dao/file/html/FaviconDownloader.java">
</file>
<file name="/home/yash/Desktop/Sem8/SE/Imp Classes/RefactoredCode/Metric/../reader-core/src/main/java/com/sismics/reader/core/dao/file/html/FaviconExtractor.java">
</file>
<file name="/home/yash/Desktop/Sem8/SE/Imp Classes/RefactoredCode/Metric/../reader-core/src/main/java/com/sismics/reader/core/dao/file/html/FeedChooserStrategy.java">
</file>
<file name="/home/yash/Desktop/Sem8/SE/Imp Classes/RefactoredCode/Metric/../reader-core/src/main/java/com/sismics/reader/core/dao/file/json/StarredReader.java">
<error line="32" column="5" severity="error" message="NPath Complexity is 325 (max allowed is 200)." source="com.puppycrawl.tools.checkstyle.checks.metrics.NPathComplexityCheck"/>
</file>
<file name="/home/yash/Desktop/Sem8/SE/Imp Classes/RefactoredCode/Metric/../reader-core/src/main/java/com/sismics/reader/core/dao/file/json/StarredArticleImportedListener.java">
</file>
<file name="/home/yash/Desktop/Sem8/SE/Imp Classes/RefactoredCode/Metric/../reader-core/src/main/java/com/sismics/reader/core/dao/file/json/StarredArticleImportedEvent.java">
</file>
<file name="/home/yash/Desktop/Sem8/SE/Imp Classes/RefactoredCode/Metric/../reader-core/src/main/java/com/sismics/reader/core/dao/file/rss/AtomArticleUrlGuesserStrategy.java">
</file>
<file name="/home/yash/Desktop/Sem8/SE/Imp Classes/RefactoredCode/Metric/../reader-core/src/main/java/com/sismics/reader/core/dao/file/rss/RssReader.java">
<error line="238" column="5" severity="error" message="NPath Complexity is 244 (max allowed is 200)." source="com.puppycrawl.tools.checkstyle.checks.metrics.NPathComplexityCheck"/>
</file>
<file name="/home/yash/Desktop/Sem8/SE/Imp Classes/RefactoredCode/Metric/../reader-core/src/main/java/com/sismics/reader/core/dao/file/rss/AtomLink.java">
</file>
<file name="/home/yash/Desktop/Sem8/SE/Imp Classes/RefactoredCode/Metric/../reader-core/src/main/java/com/sismics/reader/core/dao/file/rss/XmlReader.java">
</file>
<file name="/home/yash/Desktop/Sem8/SE/Imp Classes/RefactoredCode/Metric/../reader-core/src/main/java/com/sismics/reader/core/dao/file/rss/GuidFixer.java">
</file>
<file name="/home/yash/Desktop/Sem8/SE/Imp Classes/RefactoredCode/Metric/../reader-core/src/main/java/com/sismics/reader/core/dao/file/rss/AtomUrlGuesserStrategy.java">
</file>
<file name="/home/yash/Desktop/Sem8/SE/Imp Classes/RefactoredCode/Metric/../reader-core/src/main/java/com/sismics/reader/core/dao/file/rss/AtomArticleCommentUrlGuesserStrategy.java">
</file>
<file name="/home/yash/Desktop/Sem8/SE/Imp Classes/RefactoredCode/Metric/../reader-core/src/main/java/com/sismics/reader/core/dao/file/opml/OpmlFlattener.java">
</file>
<file name="/home/yash/Desktop/Sem8/SE/Imp Classes/RefactoredCode/Metric/../reader-core/src/main/java/com/sismics/reader/core/dao/file/opml/OpmlReader.java">
</file>
<file name="/home/yash/Desktop/Sem8/SE/Imp Classes/RefactoredCode/Metric/../reader-core/src/main/java/com/sismics/reader/core/dao/file/opml/Outline.java">
</file>
<file name="/home/yash/Desktop/Sem8/SE/Imp Classes/RefactoredCode/Metric/../reader-core/src/main/java/com/sismics/reader/core/dao/lucene/ReaderStandardAnalyzer.java">
</file>
<file name="/home/yash/Desktop/Sem8/SE/Imp Classes/RefactoredCode/Metric/../reader-core/src/main/java/com/sismics/reader/core/dao/lucene/ArticleDao.java">
</file>
<file name="/home/yash/Desktop/Sem8/SE/Imp Classes/RefactoredCode/Metric/../reader-core/src/main/java/com/sismics/reader/core/dao/jpa/FeedSynchronizationDao.java">
</file>
<file name="/home/yash/Desktop/Sem8/SE/Imp Classes/RefactoredCode/Metric/../reader-core/src/main/java/com/sismics/reader/core/dao/jpa/JobEventDao.java">
</file>
<file name="/home/yash/Desktop/Sem8/SE/Imp Classes/RefactoredCode/Metric/../reader-core/src/main/java/com/sismics/reader/core/dao/jpa/FeedDao.java">
</file>
<file name="/home/yash/Desktop/Sem8/SE/Imp Classes/RefactoredCode/Metric/../reader-core/src/main/java/com/sismics/reader/core/dao/jpa/JobDao.java">
</file>
<file name="/home/yash/Desktop/Sem8/SE/Imp Classes/RefactoredCode/Metric/../reader-core/src/main/java/com/sismics/reader/core/dao/jpa/mapper/ArticleMapper.java">
</file>
<file name="/home/yash/Desktop/Sem8/SE/Imp Classes/RefactoredCode/Metric/../reader-core/src/main/java/com/sismics/reader/core/dao/jpa/mapper/UserMapper.java">
</file>
<file name="/home/yash/Desktop/Sem8/SE/Imp Classes/RefactoredCode/Metric/../reader-core/src/main/java/com/sismics/reader/core/dao/jpa/mapper/FeedSubscriptionMapper.java">
</file>
<file name="/home/yash/Desktop/Sem8/SE/Imp Classes/RefactoredCode/Metric/../reader-core/src/main/java/com/sismics/reader/core/dao/jpa/mapper/JobEventMapper.java">
</file>
<file name="/home/yash/Desktop/Sem8/SE/Imp Classes/RefactoredCode/Metric/../reader-core/src/main/java/com/sismics/reader/core/dao/jpa/mapper/UserArticleMapper.java">
</file>
<file name="/home/yash/Desktop/Sem8/SE/Imp Classes/RefactoredCode/Metric/../reader-core/src/main/java/com/sismics/reader/core/dao/jpa/mapper/FeedMapper.java">
</file>
<file name="/home/yash/Desktop/Sem8/SE/Imp Classes/RefactoredCode/Metric/../reader-core/src/main/java/com/sismics/reader/core/dao/jpa/mapper/JobMapper.java">
</file>
<file name="/home/yash/Desktop/Sem8/SE/Imp Classes/RefactoredCode/Metric/../reader-core/src/main/java/com/sismics/reader/core/dao/jpa/ConfigDao.java">
</file>
<file name="/home/yash/Desktop/Sem8/SE/Imp Classes/RefactoredCode/Metric/../reader-core/src/main/java/com/sismics/reader/core/dao/jpa/ArticleDao.java">
</file>
<file name="/home/yash/Desktop/Sem8/SE/Imp Classes/RefactoredCode/Metric/../reader-core/src/main/java/com/sismics/reader/core/dao/jpa/RoleBaseFunctionDao.java">
</file>
<file name="/home/yash/Desktop/Sem8/SE/Imp Classes/RefactoredCode/Metric/../reader-core/src/main/java/com/sismics/reader/core/dao/jpa/UserDao.java">
</file>
<file name="/home/yash/Desktop/Sem8/SE/Imp Classes/RefactoredCode/Metric/../reader-core/src/main/java/com/sismics/reader/core/dao/jpa/CategoryDao.java">
</file>
<file name="/home/yash/Desktop/Sem8/SE/Imp Classes/RefactoredCode/Metric/../reader-core/src/main/java/com/sismics/reader/core/dao/jpa/criteria/ArticleCriteria.java">
</file>
<file name="/home/yash/Desktop/Sem8/SE/Imp Classes/RefactoredCode/Metric/../reader-core/src/main/java/com/sismics/reader/core/dao/jpa/criteria/JobCriteria.java">
</file>
<file name="/home/yash/Desktop/Sem8/SE/Imp Classes/RefactoredCode/Metric/../reader-core/src/main/java/com/sismics/reader/core/dao/jpa/criteria/JobEventCriteria.java">
</file>
<file name="/home/yash/Desktop/Sem8/SE/Imp Classes/RefactoredCode/Metric/../reader-core/src/main/java/com/sismics/reader/core/dao/jpa/criteria/FeedSubscriptionCriteria.java">
</file>
<file name="/home/yash/Desktop/Sem8/SE/Imp Classes/RefactoredCode/Metric/../reader-core/src/main/java/com/sismics/reader/core/dao/jpa/criteria/UserArticleCriteria.java">
</file>
<file name="/home/yash/Desktop/Sem8/SE/Imp Classes/RefactoredCode/Metric/../reader-core/src/main/java/com/sismics/reader/core/dao/jpa/criteria/UserCriteria.java">
</file>
<file name="/home/yash/Desktop/Sem8/SE/Imp Classes/RefactoredCode/Metric/../reader-core/src/main/java/com/sismics/reader/core/dao/jpa/criteria/FeedCriteria.java">
</file>
<file name="/home/yash/Desktop/Sem8/SE/Imp Classes/RefactoredCode/Metric/../reader-core/src/main/java/com/sismics/reader/core/dao/jpa/dto/ArticleDto.java">
</file>
<file name="/home/yash/Desktop/Sem8/SE/Imp Classes/RefactoredCode/Metric/../reader-core/src/main/java/com/sismics/reader/core/dao/jpa/dto/UserDto.java">
</file>
<file name="/home/yash/Desktop/Sem8/SE/Imp Classes/RefactoredCode/Metric/../reader-core/src/main/java/com/sismics/reader/core/dao/jpa/dto/JobEventDto.java">
</file>
<file name="/home/yash/Desktop/Sem8/SE/Imp Classes/RefactoredCode/Metric/../reader-core/src/main/java/com/sismics/reader/core/dao/jpa/dto/UserArticleDto.java">
</file>
<file name="/home/yash/Desktop/Sem8/SE/Imp Classes/RefactoredCode/Metric/../reader-core/src/main/java/com/sismics/reader/core/dao/jpa/dto/JobDto.java">
</file>
<file name="/home/yash/Desktop/Sem8/SE/Imp Classes/RefactoredCode/Metric/../reader-core/src/main/java/com/sismics/reader/core/dao/jpa/dto/FeedSubscriptionDto.java">
</file>
<file name="/home/yash/Desktop/Sem8/SE/Imp Classes/RefactoredCode/Metric/../reader-core/src/main/java/com/sismics/reader/core/dao/jpa/dto/FeedDto.java">
</file>
<file name="/home/yash/Desktop/Sem8/SE/Imp Classes/RefactoredCode/Metric/../reader-core/src/main/java/com/sismics/reader/core/dao/jpa/UserArticleDao.java">
<error line="25" column="5" severity="error" message="NPath Complexity is 92,160 (max allowed is 200)." source="com.puppycrawl.tools.checkstyle.checks.metrics.NPathComplexityCheck"/>
</file>
<file name="/home/yash/Desktop/Sem8/SE/Imp Classes/RefactoredCode/Metric/../reader-core/src/main/java/com/sismics/reader/core/dao/jpa/LocaleDao.java">
</file>
<file name="/home/yash/Desktop/Sem8/SE/Imp Classes/RefactoredCode/Metric/../reader-core/src/main/java/com/sismics/reader/core/dao/jpa/AuthenticationTokenDao.java">
</file>
<file name="/home/yash/Desktop/Sem8/SE/Imp Classes/RefactoredCode/Metric/../reader-core/src/main/java/com/sismics/reader/core/dao/jpa/FeedSubscriptionDao.java">
</file>
<file name="/home/yash/Desktop/Sem8/SE/Imp Classes/RefactoredCode/Metric/../reader-core/src/main/java/com/sismics/reader/core/event/UserCreatedEvent.java">
</file>
<file name="/home/yash/Desktop/Sem8/SE/Imp Classes/RefactoredCode/Metric/../reader-core/src/main/java/com/sismics/reader/core/event/PasswordChangedEvent.java">
</file>
<file name="/home/yash/Desktop/Sem8/SE/Imp Classes/RefactoredCode/Metric/../reader-core/src/main/java/com/sismics/reader/core/event/SubscriptionImportedEvent.java">
</file>
<file name="/home/yash/Desktop/Sem8/SE/Imp Classes/RefactoredCode/Metric/../reader-core/src/main/java/com/sismics/reader/core/event/ArticleUpdatedAsyncEvent.java">
</file>
<file name="/home/yash/Desktop/Sem8/SE/Imp Classes/RefactoredCode/Metric/../reader-core/src/main/java/com/sismics/reader/core/event/ArticleDeletedAsyncEvent.java">
</file>
<file name="/home/yash/Desktop/Sem8/SE/Imp Classes/RefactoredCode/Metric/../reader-core/src/main/java/com/sismics/reader/core/event/FaviconUpdateRequestedEvent.java">
</file>
<file name="/home/yash/Desktop/Sem8/SE/Imp Classes/RefactoredCode/Metric/../reader-core/src/main/java/com/sismics/reader/core/event/RebuildIndexAsyncEvent.java">
</file>
<file name="/home/yash/Desktop/Sem8/SE/Imp Classes/RefactoredCode/Metric/../reader-core/src/main/java/com/sismics/reader/core/event/ArticleCreatedAsyncEvent.java">
</file>
<file name="/home/yash/Desktop/Sem8/SE/Imp Classes/RefactoredCode/Metric/../reader-core/src/main/java/com/sismics/reader/core/service/FeedService.java">
<error line="139" column="5" severity="error" message="NPath Complexity is 23,328 (max allowed is 200)." source="com.puppycrawl.tools.checkstyle.checks.metrics.NPathComplexityCheck"/>
</file>
<file name="/home/yash/Desktop/Sem8/SE/Imp Classes/RefactoredCode/Metric/../reader-core/src/main/java/com/sismics/reader/core/service/ArticleFeedService.java">
</file>
<file name="/home/yash/Desktop/Sem8/SE/Imp Classes/RefactoredCode/Metric/../reader-core/src/main/java/com/sismics/reader/core/service/IndexingService.java">
</file>
<file name="/home/yash/Desktop/Sem8/SE/Imp Classes/RefactoredCode/Metric/../reader-core/src/main/java/com/sismics/reader/core/service/DirectoryIndexingService.java">
</file>
<file name="/home/yash/Desktop/Sem8/SE/Imp Classes/RefactoredCode/Metric/../reader-core/src/main/java/com/sismics/reader/core/service/FaviconFeedService.java">
</file>
<file name="/home/yash/Desktop/Sem8/SE/Imp Classes/RefactoredCode/Metric/../reader-core/src/main/java/com/sismics/reader/core/service/ArticleIndexingService.java">
</file>
<file name="/home/yash/Desktop/Sem8/SE/Imp Classes/RefactoredCode/Metric/../reader-core/src/main/java/com/sismics/reader/core/listener/sync/DeadEventListener.java">
</file>
<file name="/home/yash/Desktop/Sem8/SE/Imp Classes/RefactoredCode/Metric/../reader-core/src/main/java/com/sismics/reader/core/listener/async/FaviconUpdateRequestedAsyncListener.java">
</file>
<file name="/home/yash/Desktop/Sem8/SE/Imp Classes/RefactoredCode/Metric/../reader-core/src/main/java/com/sismics/reader/core/listener/async/SubscriptionImportAsyncListener.java">
<error line="203" column="5" severity="error" message="NPath Complexity is 729 (max allowed is 200)." source="com.puppycrawl.tools.checkstyle.checks.metrics.NPathComplexityCheck"/>
<error line="304" column="5" severity="error" message="NPath Complexity is 3,416 (max allowed is 200)." source="com.puppycrawl.tools.checkstyle.checks.metrics.NPathComplexityCheck"/>
<error line="432" column="5" severity="error" message="NPath Complexity is 400 (max allowed is 200)." source="com.puppycrawl.tools.checkstyle.checks.metrics.NPathComplexityCheck"/>
</file>
<file name="/home/yash/Desktop/Sem8/SE/Imp Classes/RefactoredCode/Metric/../reader-core/src/main/java/com/sismics/reader/core/listener/async/ArticleCreatedAsyncListener.java">
</file>
<file name="/home/yash/Desktop/Sem8/SE/Imp Classes/RefactoredCode/Metric/../reader-core/src/main/java/com/sismics/reader/core/listener/async/ArticleDeletedAsyncListener.java">
</file>
<file name="/home/yash/Desktop/Sem8/SE/Imp Classes/RefactoredCode/Metric/../reader-core/src/main/java/com/sismics/reader/core/listener/async/RebuildIndexAsyncListener.java">
</file>
<file name="/home/yash/Desktop/Sem8/SE/Imp Classes/RefactoredCode/Metric/../reader-core/src/main/java/com/sismics/reader/core/listener/async/ArticleUpdatedAsyncListener.java">
</file>
</checkstyle>
